{
  "aor": 0.001107559523809524,
  "aqi": 0.008665246547619047,
  "dvars_nstd": 354.6663081916766,
  "dvars_std": 1.1233330077245505,
  "dvars_vstd": 0.9793613390419162,
  "efc": 0.4590568258515693,
  "fber": 99.09905242919922,
  "fd_mean": 0.1042753278982036,
  "fd_num": 13,
  "fd_perc": 7.738095238095238,
  "fwhm_avg": 6.30866,
  "fwhm_x": 6.86167,
  "fwhm_y": 6.31679,
  "fwhm_z": 5.79276,
  "gcor": 0.02542309250150408,
  "gsr_x": -0.054477475583553314,
  "gsr_y": 0.0654325783252716,
  "metadata": {
    "EchoTime": 0.0396,
    "EffectiveEchoSpacing": 0.000232,
    "FlipAngle": 90,
    "MagneticFieldStrength": 3.0,
    "MultibandAccellerationFactor": 4,
    "NumberShots": 1,
    "ParallelReductionFactorInPlane": 2,
    "PartialFourier": 0.75,
    "PulseSequenceType": "Multiband, Multi-echo pCASL, gradient echo EPI",
    "RepetitionTime": 3.5,
    "SliceTiming": [
      0,
      0.234,
      0.488,
      0.702,
      0.936,
      0.117,
      0.351,
      0.585,
      0.819,
      0,
      0.234,
      0.488,
      0.702,
      0.936,
      0.117,
      0.351,
      0.585,
      0.819,
      0,
      0.234,
      0.488,
      0.702,
      0.936,
      0.117,
      0.351,
      0.585,
      0.819,
      0,
      0.234,
      0.488,
      0.702,
      0.936,
      0.117,
      0.351,
      0.585,
      0.819
    ],
    "TaskName": "rest",
    "qc_type": "func",
    "subject_id": "04",
    "task_id": "rest"
  },
  "size_t": 168,
  "size_x": 80,
  "size_y": 80,
  "size_z": 36,
  "snr": 2.676581273487155,
  "spacing_tr": 1.0,
  "spacing_x": 3.0,
  "spacing_y": 3.0,
  "spacing_z": 3.0,
  "spikes_num": 0,
  "summary_bg_k": 17.54877899619415,
  "summary_bg_mean": 451.66064453125,
  "summary_bg_p05": 23.46894989013672,
  "summary_bg_p95": 1584.9217041015622,
  "summary_bg_stdv": 653.1766357421875,
  "summary_fg_k": 1.3629275025345207,
  "summary_fg_mean": 7453.83056640625,
  "summary_fg_p05": 3901.675537109375,
  "summary_fg_p95": 12389.660058593749,
  "summary_fg_stdv": 2633.61962890625,
  "tsnr": 32.03653335571289
}