{
  "aor": 0.0010891071428571427,
  "aqi": 0.014964915714285714,
  "dvars_nstd": 258.31409733029943,
  "dvars_std": 1.0652755159880236,
  "dvars_vstd": 0.9620499523353292,
  "efc": 0.47013717320203274,
  "fber": 94.46461486816406,
  "fd_mean": 0.0692074207508982,
  "fd_num": 2,
  "fd_perc": 1.1904761904761905,
  "fwhm_avg": 6.6634,
  "fwhm_x": 6.95622,
  "fwhm_y": 6.87332,
  "fwhm_z": 6.18796,
  "gcor": 0.01656503194854373,
  "gsr_x": -0.02888835035264492,
  "gsr_y": 0.05845560505986214,
  "metadata": {
    "EchoTime": 0.0396,
    "EffectiveEchoSpacing": 0.000232,
    "FlipAngle": 90,
    "MagneticFieldStrength": 3.0,
    "MultibandAccellerationFactor": 4,
    "NumberShots": 1,
    "ParallelReductionFactorInPlane": 2,
    "PartialFourier": 0.75,
    "PulseSequenceType": "Multiband, Multi-echo pCASL, gradient echo EPI",
    "RepetitionTime": 3.5,
    "SliceTiming": [
      0,
      0.234,
      0.488,
      0.702,
      0.936,
      0.117,
      0.351,
      0.585,
      0.819,
      0,
      0.234,
      0.488,
      0.702,
      0.936,
      0.117,
      0.351,
      0.585,
      0.819,
      0,
      0.234,
      0.488,
      0.702,
      0.936,
      0.117,
      0.351,
      0.585,
      0.819,
      0,
      0.234,
      0.488,
      0.702,
      0.936,
      0.117,
      0.351,
      0.585,
      0.819
    ],
    "TaskName": "rest",
    "qc_type": "func",
    "subject_id": "01",
    "task_id": "rest"
  },
  "size_t": 168,
  "size_x": 80,
  "size_y": 80,
  "size_z": 36,
  "snr": 2.4186136694441194,
  "spacing_tr": 1.0,
  "spacing_x": 3.0,
  "spacing_y": 3.0,
  "spacing_z": 3.0,
  "spikes_num": 0,
  "summary_bg_k": 101.8214822435835,
  "summary_bg_mean": 331.6545715332031,
  "summary_bg_p05": 17.317662715911865,
  "summary_bg_p95": 1254.6634521484375,
  "summary_bg_stdv": 589.4664306640625,
  "summary_fg_k": 2.3279603925172916,
  "summary_fg_mean": 6142.53173828125,
  "summary_fg_p05": 3109.682580566406,
  "summary_fg_p95": 10529.962255859373,
  "summary_fg_stdv": 2341.708251953125,
  "tsnr": 26.366718292236328
}