{
  "aor": 0.001748452380952381,
  "aqi": 0.008522466904761904,
  "dvars_nstd": 231.7439196922156,
  "dvars_std": 1.0747001864670664,
  "dvars_vstd": 0.9941775365868258,
  "efc": 0.4756667604269538,
  "fber": 79.00589752197266,
  "fd_mean": 0.04372721655832335,
  "fd_num": 0,
  "fd_perc": 0.0,
  "fwhm_avg": 6.29547,
  "fwhm_x": 6.50618,
  "fwhm_y": 6.41954,
  "fwhm_z": 5.97385,
  "gcor": 0.015648684331348965,
  "gsr_x": 0.00024392623163294047,
  "gsr_y": 0.023788215592503548,
  "metadata": {
    "EchoTime": 0.0396,
    "EffectiveEchoSpacing": 0.000232,
    "FlipAngle": 90,
    "MagneticFieldStrength": 3.0,
    "MultibandAccellerationFactor": 4,
    "NumberShots": 1,
    "ParallelReductionFactorInPlane": 2,
    "PartialFourier": 0.75,
    "PulseSequenceType": "Multiband, Multi-echo pCASL, gradient echo EPI",
    "RepetitionTime": 3.5,
    "SliceTiming": [
      0,
      0.234,
      0.488,
      0.702,
      0.936,
      0.117,
      0.351,
      0.585,
      0.819,
      0,
      0.234,
      0.488,
      0.702,
      0.936,
      0.117,
      0.351,
      0.585,
      0.819,
      0,
      0.234,
      0.488,
      0.702,
      0.936,
      0.117,
      0.351,
      0.585,
      0.819,
      0,
      0.234,
      0.488,
      0.702,
      0.936,
      0.117,
      0.351,
      0.585,
      0.819
    ],
    "TaskName": "rest",
    "qc_type": "func",
    "subject_id": "02",
    "task_id": "rest"
  },
  "size_t": 168,
  "size_x": 80,
  "size_y": 80,
  "size_z": 36,
  "snr": 2.552204768237379,
  "spacing_tr": 1.0,
  "spacing_x": 3.0,
  "spacing_y": 3.0,
  "spacing_z": 3.0,
  "spikes_num": 0,
  "summary_bg_k": 144.98331453676133,
  "summary_bg_mean": 300.82073974609375,
  "summary_bg_p05": 20.79998893737793,
  "summary_bg_p95": 1129.3702880859375,
  "summary_bg_stdv": 652.915283203125,
  "summary_fg_k": 2.0733357443378333,
  "summary_fg_mean": 6005.2470703125,
  "summary_fg_p05": 3069.675756835937,
  "summary_fg_p95": 10042.700585937499,
  "summary_fg_stdv": 2183.25244140625,
  "tsnr": 33.82357406616211
}