{
  "aor": 0.0032816071428571425,
  "aqi": 0.015206160892857142,
  "dvars_nstd": 332.71299012664673,
  "dvars_std": 1.0433618335928145,
  "dvars_vstd": 0.9497984590419163,
  "efc": 0.5122545625109963,
  "fber": 80.97209930419922,
  "fd_mean": 0.20037949601197608,
  "fd_num": 67,
  "fd_perc": 39.88095238095238,
  "fwhm_avg": 7.63817,
  "fwhm_x": 7.81906,
  "fwhm_y": 7.86281,
  "fwhm_z": 7.24829,
  "gcor": 0.03629818984440395,
  "gsr_x": -0.052857592701911926,
  "gsr_y": 0.10013934224843979,
  "metadata": {
    "EchoTime": 0.0396,
    "EffectiveEchoSpacing": 0.000232,
    "FlipAngle": 90,
    "MagneticFieldStrength": 3.0,
    "MultibandAccellerationFactor": 4,
    "NumberShots": 1,
    "ParallelReductionFactorInPlane": 2,
    "PartialFourier": 0.75,
    "PulseSequenceType": "Multiband, Multi-echo pCASL, gradient echo EPI",
    "RepetitionTime": 3.5,
    "SliceTiming": [
      0,
      0.234,
      0.488,
      0.702,
      0.936,
      0.117,
      0.351,
      0.585,
      0.819,
      0,
      0.234,
      0.488,
      0.702,
      0.936,
      0.117,
      0.351,
      0.585,
      0.819,
      0,
      0.234,
      0.488,
      0.702,
      0.936,
      0.117,
      0.351,
      0.585,
      0.819,
      0,
      0.234,
      0.488,
      0.702,
      0.936,
      0.117,
      0.351,
      0.585,
      0.819
    ],
    "TaskName": "rest",
    "qc_type": "func",
    "subject_id": "05",
    "task_id": "rest"
  },
  "size_t": 168,
  "size_x": 80,
  "size_y": 80,
  "size_z": 36,
  "snr": 2.201174503714988,
  "spacing_tr": 1.0,
  "spacing_x": 3.0,
  "spacing_y": 3.0,
  "spacing_z": 3.0,
  "spikes_num": 0,
  "summary_bg_k": 8.472527867642244,
  "summary_bg_mean": 439.95635986328125,
  "summary_bg_p05": 21.341729354858398,
  "summary_bg_p95": 1459.116357421875,
  "summary_bg_stdv": 545.8028564453125,
  "summary_fg_k": 2.1914292116252847,
  "summary_fg_mean": 5829.14599609375,
  "summary_fg_p05": 2788.8520751953124,
  "summary_fg_p95": 10409.8107421875,
  "summary_fg_stdv": 2411.594970703125,
  "tsnr": 21.243345260620117
}