{
  "cjv": 0.49181345105171204,
  "cnr": 88.79914855957031,
  "efc": 0.5113923480360222,
  "fber": 84.61785888671875,
  "fwhm_avg": 3.44831,
  "fwhm_x": 3.33587,
  "fwhm_y": 3.82915,
  "fwhm_z": 3.21001,
  "icvs_csf": 0.23854620952634134,
  "icvs_gm": 0.4034680033518474,
  "icvs_wm": 0.3579857871218113,
  "inu_med": 1.2812347412109375,
  "inu_range": 0.1697806596755982,
  "metadata": {
    "EchoTime": 0.003,
    "Manufacturer": "GE 3 Tesla MR750",
    "RepetitionTime": 7.6,
    "qc_type": "anat",
    "subject_id": "01"
  },
  "qi_1": 0.0,
  "qi_2": 0.004378063409760967,
  "rpve_csf": 104611.234375,
  "rpve_gm": 193361.3125,
  "rpve_wm": 62546.8359375,
  "size_x": 190,
  "size_y": 256,
  "size_z": 256,
  "snr_csf": 3.1025250530238666,
  "snr_gm": 6.971706849326809,
  "snr_total": 8.795534599578708,
  "snr_wm": 16.312371896385446,
  "snrd_csf": -1.0,
  "snrd_gm": -1.0,
  "snrd_total": -1.0,
  "snrd_wm": -1.0,
  "spacing_x": 1.0,
  "spacing_y": 1.0,
  "spacing_z": 1.0,
  "summary_bg_k": 56.843118427754135,
  "summary_bg_mean": 2.511545181274414,
  "summary_bg_p05": 0.0,
  "summary_bg_p95": 16.0,
  "summary_bg_stdv": 5.743005752563477,
  "summary_csf_k": 2.274428813843037,
  "summary_csf_mean": 146.2115020751953,
  "summary_csf_p05": 66.0,
  "summary_csf_p95": 194.0,
  "summary_csf_stdv": 39.695518493652344,
  "summary_gm_k": -0.4247433458386567,
  "summary_gm_mean": 235.21237182617188,
  "summary_gm_p05": 190.0,
  "summary_gm_p95": 292.0,
  "summary_gm_stdv": 32.200714111328125,
  "summary_wm_k": -0.21759760273316742,
  "summary_wm_mean": 360.6694030761719,
  "summary_wm_p05": 300.0,
  "summary_wm_p95": 413.0,
  "summary_wm_stdv": 34.66447067260742,
  "tpm_overlap_csf": 0.1993833493196391,
  "tpm_overlap_gm": 0.5078690166513471,
  "tpm_overlap_wm": 0.6353260258850203,
  "wm2max": 0.40728476821192056
}