{
  "aor": 0.0015035714285714286,
  "aqi": 0.012866311666666666,
  "dvars_nstd": 369.23749619916146,
  "dvars_std": 1.089068801377245,
  "dvars_vstd": 0.9573698625149698,
  "efc": 0.4205931212494402,
  "fber": 170.60516357421875,
  "fd_mean": 0.1780786988670659,
  "fd_num": 46,
  "fd_perc": 27.38095238095238,
  "fwhm_avg": 7.04361,
  "fwhm_x": 7.42658,
  "fwhm_y": 7.23206,
  "fwhm_z": 6.50631,
  "gcor": 0.038102541651044576,
  "gsr_x": -0.026064282283186913,
  "gsr_y": 0.03289426118135452,
  "metadata": {
    "EchoTime": 0.0396,
    "EffectiveEchoSpacing": 0.000232,
    "FlipAngle": 90,
    "MagneticFieldStrength": 3.0,
    "MultibandAccellerationFactor": 4,
    "NumberShots": 1,
    "ParallelReductionFactorInPlane": 2,
    "PartialFourier": 0.75,
    "PulseSequenceType": "Multiband, Multi-echo pCASL, gradient echo EPI",
    "RepetitionTime": 3.5,
    "SliceTiming": [
      0,
      0.234,
      0.488,
      0.702,
      0.936,
      0.117,
      0.351,
      0.585,
      0.819,
      0,
      0.234,
      0.488,
      0.702,
      0.936,
      0.117,
      0.351,
      0.585,
      0.819,
      0,
      0.234,
      0.488,
      0.702,
      0.936,
      0.117,
      0.351,
      0.585,
      0.819,
      0,
      0.234,
      0.488,
      0.702,
      0.936,
      0.117,
      0.351,
      0.585,
      0.819
    ],
    "TaskName": "rest",
    "qc_type": "func",
    "subject_id": "06",
    "task_id": "rest"
  },
  "size_t": 168,
  "size_x": 80,
  "size_y": 80,
  "size_z": 36,
  "snr": 2.634729609934665,
  "spacing_tr": 1.0,
  "spacing_x": 3.0,
  "spacing_y": 3.0,
  "spacing_z": 3.0,
  "spikes_num": 0,
  "summary_bg_k": 32.94509784039291,
  "summary_bg_mean": 282.7077941894531,
  "summary_bg_p05": 17.149262619018554,
  "summary_bg_p95": 1120.1585449218733,
  "summary_bg_stdv": 536.4241333007812,
  "summary_fg_k": 1.6183586654471611,
  "summary_fg_mean": 7454.4541015625,
  "summary_fg_p05": 3794.037036132813,
  "summary_fg_p95": 12406.560644531244,
  "summary_fg_stdv": 2675.4990234375,
  "tsnr": 26.270681381225586
}