{
  "aor": 0.0006194047619047618,
  "aqi": 0.004372835773809524,
  "dvars_nstd": 176.76535171287412,
  "dvars_std": 1.0697990101796402,
  "dvars_vstd": 0.9767283714970058,
  "efc": 0.481888091854471,
  "fber": 95.57299041748047,
  "fd_mean": 0.04678247624718563,
  "fd_num": 0,
  "fd_perc": 0.0,
  "fwhm_avg": 7.67595,
  "fwhm_x": 7.64601,
  "fwhm_y": 8.6822,
  "fwhm_z": 6.81291,
  "gcor": 0.028287019048418318,
  "gsr_x": -0.02292696200311184,
  "gsr_y": 0.05044974386692047,
  "metadata": {
    "EchoTime": 0.0396,
    "EffectiveEchoSpacing": 0.000232,
    "FlipAngle": 90,
    "MagneticFieldStrength": 3.0,
    "MultibandAccellerationFactor": 4,
    "NumberShots": 1,
    "ParallelReductionFactorInPlane": 2,
    "PartialFourier": 0.75,
    "PulseSequenceType": "Multiband, Multi-echo pCASL, gradient echo EPI",
    "RepetitionTime": 3.5,
    "SliceTiming": [
      0,
      0.234,
      0.488,
      0.702,
      0.936,
      0.117,
      0.351,
      0.585,
      0.819,
      0,
      0.234,
      0.488,
      0.702,
      0.936,
      0.117,
      0.351,
      0.585,
      0.819,
      0,
      0.234,
      0.488,
      0.702,
      0.936,
      0.117,
      0.351,
      0.585,
      0.819,
      0,
      0.234,
      0.488,
      0.702,
      0.936,
      0.117,
      0.351,
      0.585,
      0.819
    ],
    "TaskName": "rest",
    "qc_type": "func",
    "subject_id": "07",
    "task_id": "rest"
  },
  "size_t": 168,
  "size_x": 80,
  "size_y": 80,
  "size_z": 36,
  "snr": 2.2024463709250157,
  "spacing_tr": 1.0,
  "spacing_x": 3.0,
  "spacing_y": 3.0,
  "spacing_z": 3.0,
  "spikes_num": 0,
  "summary_bg_k": 25.416665512885473,
  "summary_bg_mean": 313.97601318359375,
  "summary_bg_p05": 14.861686706542969,
  "summary_bg_p95": 1210.6466674804688,
  "summary_bg_stdv": 514.5897216796875,
  "summary_fg_k": 1.8774917492985672,
  "summary_fg_mean": 5445.68505859375,
  "summary_fg_p05": 2637.649792480469,
  "summary_fg_p95": 9729.872949218749,
  "summary_fg_stdv": 2252.5908203125,
  "tsnr": 38.89754867553711
}