{
  "cjv": 0.5357409715652466,
  "cnr": 1.1835600137710571,
  "efc": 0.509258952017286,
  "fber": 153.82398986816406,
  "fwhm_avg": 3.21805,
  "fwhm_x": 3.18124,
  "fwhm_y": 3.4747,
  "fwhm_z": 3.01484,
  "icvs_csf": 0.24494728234439928,
  "icvs_gm": 0.35919114590520773,
  "icvs_wm": 0.395861571750393,
  "inu_med": 1.207038402557373,
  "inu_range": 0.18376960754394545,
  "metadata": {
    "EchoTime": 0.003,
    "Manufacturer": "GE 3 Tesla MR750",
    "RepetitionTime": 7.6,
    "qc_type": "anat",
    "subject_id": "02"
  },
  "qi_1": 0.0,
  "qi_2": 0.006481353859376393,
  "rpve_csf": 104120.03125,
  "rpve_gm": 177910.015625,
  "rpve_wm": 65412.5859375,
  "size_x": 190,
  "size_y": 256,
  "size_z": 256,
  "snr_csf": 3.720440159368659,
  "snr_gm": 7.516814309152218,
  "snr_total": 9.720407795788962,
  "snr_wm": 17.923968918846008,
  "snrd_csf": -1.0,
  "snrd_gm": -1.0,
  "snrd_total": -1.0,
  "snrd_wm": -1.0,
  "spacing_x": 1.0,
  "spacing_y": 1.0,
  "spacing_z": 1.0,
  "summary_bg_k": 21.578436141516814,
  "summary_bg_mean": 1.5224865674972534,
  "summary_bg_p05": 0.0,
  "summary_bg_p95": 13.0,
  "summary_bg_stdv": 4.514111518859863,
  "summary_csf_k": 17.403581803864032,
  "summary_csf_mean": 162.26910400390625,
  "summary_csf_p05": 85.0,
  "summary_csf_p95": 212.0,
  "summary_csf_stdv": 46.47212600708008,
  "summary_gm_k": -0.37704053021542805,
  "summary_gm_mean": 252.43905639648438,
  "summary_gm_p05": 205.0,
  "summary_gm_p95": 310.0,
  "summary_gm_stdv": 33.04674530029297,
  "summary_wm_k": -0.21486315529260036,
  "summary_wm_mean": 369.6331787109375,
  "summary_wm_p05": 310.0,
  "summary_wm_p95": 420.0,
  "summary_wm_stdv": 33.449058532714844,
  "tpm_overlap_csf": 0.14387555650840514,
  "tpm_overlap_gm": 0.44998520326204927,
  "tpm_overlap_wm": 0.6301250553526124,
  "wm2max": 0.43383199079401613
}