{
  "cjv": 0.48192232847213745,
  "cnr": 1.3095897436141968,
  "efc": 0.4466186016707118,
  "fber": 204.55941772460938,
  "fwhm_avg": 3.22871,
  "fwhm_x": 3.18803,
  "fwhm_y": 3.4748,
  "fwhm_z": 3.03833,
  "icvs_csf": 0.24107013309072067,
  "icvs_gm": 0.40062701557982194,
  "icvs_wm": 0.3583028513294574,
  "inu_med": 1.1077824831008911,
  "inu_range": 0.1446640014648437,
  "metadata": {
    "EchoTime": 0.003,
    "Manufacturer": "GE 3 Tesla MR750",
    "RepetitionTime": 7.6,
    "qc_type": "anat",
    "subject_id": "06"
  },
  "qi_1": 0.0,
  "qi_2": 0.012471712701740975,
  "rpve_csf": 84475.328125,
  "rpve_gm": 162346.5625,
  "rpve_wm": 51892.4609375,
  "size_x": 190,
  "size_y": 256,
  "size_z": 256,
  "snr_csf": 3.9810543251818986,
  "snr_gm": 7.092297355515235,
  "snr_total": 9.049342203807798,
  "snr_wm": 16.07467493072626,
  "snrd_csf": -1.0,
  "snrd_gm": -1.0,
  "snrd_total": -1.0,
  "snrd_wm": -1.0,
  "spacing_x": 1.0,
  "spacing_y": 1.0,
  "spacing_z": 1.0,
  "summary_bg_k": 9.651445672813088,
  "summary_bg_mean": 1.911311149597168,
  "summary_bg_p05": 0.0,
  "summary_bg_p95": 14.0,
  "summary_bg_stdv": 4.541111946105957,
  "summary_csf_k": 2.662368767111987,
  "summary_csf_mean": 141.349609375,
  "summary_csf_p05": 71.0,
  "summary_csf_p95": 188.0,
  "summary_csf_stdv": 37.466468811035156,
  "summary_gm_k": -0.41755433774574824,
  "summary_gm_mean": 225.9512939453125,
  "summary_gm_p05": 184.0,
  "summary_gm_p95": 280.0,
  "summary_gm_stdv": 30.280887603759766,
  "summary_wm_k": -0.3642357451813214,
  "summary_wm_mean": 347.3736267089844,
  "summary_wm_p05": 289.0,
  "summary_wm_p95": 397.0,
  "summary_wm_stdv": 33.275901794433594,
  "tpm_overlap_csf": 0.16847445859420226,
  "tpm_overlap_gm": 0.4977100946611376,
  "tpm_overlap_wm": 0.6345497555287571,
  "wm2max": 0.4454203262233375
}