{
  "cjv": 0.4705394208431244,
  "cnr": 1.3396480083465576,
  "efc": 0.43623983043398706,
  "fber": 274.43316650390625,
  "fwhm_avg": 3.32582,
  "fwhm_x": 3.30814,
  "fwhm_y": 3.62792,
  "fwhm_z": 3.06517,
  "icvs_csf": 0.22361837029539292,
  "icvs_gm": 0.40182149399263906,
  "icvs_wm": 0.37456013571196806,
  "inu_med": 1.173872947692871,
  "inu_range": 0.13582861423492454,
  "metadata": {
    "EchoTime": 0.003,
    "Manufacturer": "GE 3 Tesla MR750",
    "RepetitionTime": 7.6,
    "qc_type": "anat",
    "subject_id": "04"
  },
  "qi_1": 0.0,
  "qi_2": 0.018328202423436937,
  "rpve_csf": 82286.203125,
  "rpve_gm": 162347.40625,
  "rpve_wm": 50948.87890625,
  "size_x": 190,
  "size_y": 256,
  "size_z": 256,
  "snr_csf": 3.033336444337251,
  "snr_gm": 6.683004601215376,
  "snr_total": 8.977478017829787,
  "snr_wm": 17.216093007936735,
  "snrd_csf": -1.0,
  "snrd_gm": -1.0,
  "snrd_total": -1.0,
  "snrd_wm": -1.0,
  "spacing_x": 1.0,
  "spacing_y": 1.0,
  "spacing_z": 1.0,
  "summary_bg_k": 54.29834752671488,
  "summary_bg_mean": 1.182320475578308,
  "summary_bg_p05": 0.0,
  "summary_bg_p95": 9.0,
  "summary_bg_stdv": 3.0415236949920654,
  "summary_csf_k": 13.893152753392624,
  "summary_csf_mean": 83.29206848144531,
  "summary_csf_p05": 39.0,
  "summary_csf_p95": 111.0,
  "summary_csf_stdv": 24.208791732788086,
  "summary_gm_k": -0.45820630534718143,
  "summary_gm_mean": 134.5272979736328,
  "summary_gm_p05": 109.0,
  "summary_gm_p95": 167.0,
  "summary_gm_stdv": 18.38595962524414,
  "summary_wm_k": -0.3619455399197662,
  "summary_wm_mean": 207.77699279785156,
  "summary_wm_p05": 174.0,
  "summary_wm_p95": 236.0,
  "summary_wm_stdv": 19.117345809936523,
  "tpm_overlap_csf": 0.18963419967064368,
  "tpm_overlap_gm": 0.5087161414887889,
  "tpm_overlap_wm": 0.6444117879386654,
  "wm2max": 0.4096153846153846
}