{
  "cjv": 0.6195202469825745,
  "cnr": 48.3319091796875,
  "efc": 0.5322203588793398,
  "fber": 132.77621459960938,
  "fwhm_avg": 3.48582,
  "fwhm_x": 3.35536,
  "fwhm_y": 3.79628,
  "fwhm_z": 3.3252,
  "icvs_csf": 0.26675780688701434,
  "icvs_gm": 0.35920886225489107,
  "icvs_wm": 0.37403333085809454,
  "inu_med": 1.2886122465133667,
  "inu_range": 0.19345169067382795,
  "metadata": {
    "EchoTime": 0.003,
    "Manufacturer": "GE 3 Tesla MR750",
    "RepetitionTime": 7.6,
    "qc_type": "anat",
    "subject_id": "05"
  },
  "qi_1": 0.0,
  "qi_2": 0.0030088980337484835,
  "rpve_csf": 116492.734375,
  "rpve_gm": 186815.53125,
  "rpve_wm": 87653.6171875,
  "size_x": 190,
  "size_y": 256,
  "size_z": 256,
  "snr_csf": 4.4970948508540305,
  "snr_gm": 8.407714654404558,
  "snr_total": 8.434125277053779,
  "snr_wm": 12.397566325902748,
  "snrd_csf": -1.0,
  "snrd_gm": -1.0,
  "snrd_total": -1.0,
  "snrd_wm": -1.0,
  "spacing_x": 1.0,
  "spacing_y": 1.0,
  "spacing_z": 1.0,
  "summary_bg_k": 42.99041249323684,
  "summary_bg_mean": 2.8875396251678467,
  "summary_bg_p05": 0.0,
  "summary_bg_p95": 18.0,
  "summary_bg_stdv": 7.964700222015381,
  "summary_csf_k": 3.037519351858064,
  "summary_csf_mean": 194.75274658203125,
  "summary_csf_p05": 112.0,
  "summary_csf_p95": 256.0,
  "summary_csf_stdv": 45.21274948120117,
  "summary_gm_k": -0.48850307051858755,
  "summary_gm_mean": 306.6371154785156,
  "summary_gm_p05": 247.0,
  "summary_gm_p95": 376.0,
  "summary_gm_stdv": 40.17264175415039,
  "summary_wm_k": -0.1925663846833272,
  "summary_wm_mean": 450.4079284667969,
  "summary_wm_p05": 374.0,
  "summary_wm_p95": 526.0,
  "summary_wm_stdv": 46.73374557495117,
  "tpm_overlap_csf": 0.16796336273274373,
  "tpm_overlap_gm": 0.4545228881896263,
  "tpm_overlap_wm": 0.6328855868191962,
  "wm2max": 0.358609794628752
}