{
  "cjv": 0.49562346935272217,
  "cnr": 39.4610710144043,
  "efc": 0.5465305536952073,
  "fber": 37.214839935302734,
  "fwhm_avg": 3.23651,
  "fwhm_x": 3.14475,
  "fwhm_y": 3.52295,
  "fwhm_z": 3.06011,
  "icvs_csf": 0.2329787400615664,
  "icvs_gm": 0.391252946736974,
  "icvs_wm": 0.3757683132014596,
  "inu_med": 1.1600145101547241,
  "inu_range": 0.18386848568916325,
  "metadata": {
    "EchoTime": 0.003,
    "Manufacturer": "GE 3 Tesla MR750",
    "RepetitionTime": 7.6,
    "qc_type": "anat",
    "subject_id": "07"
  },
  "qi_1": 0.0,
  "qi_2": 0.0032988479655314327,
  "rpve_csf": 102318.078125,
  "rpve_gm": 195265.21875,
  "rpve_wm": 63153.6796875,
  "size_x": 190,
  "size_y": 256,
  "size_z": 256,
  "snr_csf": 3.9188187550164493,
  "snr_gm": 7.079304043726046,
  "snr_total": 8.68567882351855,
  "snr_wm": 15.058913671813157,
  "snrd_csf": -1.0,
  "snrd_gm": -1.0,
  "snrd_total": -1.0,
  "snrd_wm": -1.0,
  "spacing_x": 1.0,
  "spacing_y": 1.0,
  "spacing_z": 1.0,
  "summary_bg_k": 145.38367540844013,
  "summary_bg_mean": 3.6177995204925537,
  "summary_bg_p05": 0.0,
  "summary_bg_p95": 21.0,
  "summary_bg_stdv": 7.758884429931641,
  "summary_csf_k": 1.1943124641467504,
  "summary_csf_mean": 178.9019775390625,
  "summary_csf_p05": 88.0,
  "summary_csf_p95": 239.0,
  "summary_csf_stdv": 47.405433654785156,
  "summary_gm_k": -0.22022312678001477,
  "summary_gm_mean": 280.50579833984375,
  "summary_gm_p05": 226.0,
  "summary_gm_p95": 349.0,
  "summary_gm_stdv": 38.505435943603516,
  "summary_wm_k": -0.36145406971029415,
  "summary_wm_mean": 431.9690856933594,
  "summary_wm_p05": 353.0,
  "summary_wm_p95": 502.0,
  "summary_wm_stdv": 45.06681823730469,
  "tpm_overlap_csf": 0.1702720970474015,
  "tpm_overlap_gm": 0.4985683045989535,
  "tpm_overlap_wm": 0.6460767129174876,
  "wm2max": 0.4392430278884462
}